test_id,canonical_test_id,vault,module,skill,test_number,question_count,answer_key_url,annotated_url,explanations_url,notes
Vol9_Reading_Test_1,vol_09_t1_rd,vault-9,reading,Reading,1,40,https://raw.githubusercontent.com/thangbuilomo/audio-ielts/main/vault-9/reading/test-01/answer_key.json,https://raw.githubusercontent.com/thangbuilomo/audio-ielts/main/vault-9/reading/test-01/source_annotations.json,https://raw.githubusercontent.com/thangbuilomo/audio-ielts/main/vault-9/reading/test-01/explanations.json,answer key and annotations are available after submit; explanations are returned only for authenticated users
Vol9_Reading_Test_2,vol_09_t2_rd,vault-9,reading,Reading,2,40,https://raw.githubusercontent.com/thangbuilomo/audio-ielts/main/vault-9/reading/test-02/answer_key.json,https://raw.githubusercontent.com/thangbuilomo/audio-ielts/main/vault-9/reading/test-02/source_annotations.json,https://raw.githubusercontent.com/thangbuilomo/audio-ielts/main/vault-9/reading/test-02/explanations.json,answer key and annotations are available after submit; explanations are returned only for authenticated users
Vol9_Reading_Test_3,vol_09_t3_rd,vault-9,reading,Reading,3,40,https://raw.githubusercontent.com/thangbuilomo/audio-ielts/main/vault-9/reading/test-03/answer_key.json,https://raw.githubusercontent.com/thangbuilomo/audio-ielts/main/vault-9/reading/test-03/source_annotations.json,https://raw.githubusercontent.com/thangbuilomo/audio-ielts/main/vault-9/reading/test-03/explanations.json,answer key and annotations are available after submit; explanations are returned only for authenticated users
Vol9_Reading_Test_4,vol_09_t4_rd,vault-9,reading,Reading,4,40,https://raw.githubusercontent.com/thangbuilomo/audio-ielts/main/vault-9/reading/test-04/answer_key.json,https://raw.githubusercontent.com/thangbuilomo/audio-ielts/main/vault-9/reading/test-04/source_annotations.json,https://raw.githubusercontent.com/thangbuilomo/audio-ielts/main/vault-9/reading/test-04/explanations.json,answer key and annotations are available after submit; explanations are returned only for authenticated users
Vol9_Reading_Test_5,vol_09_t5_rd,vault-9,reading,Reading,5,40,https://raw.githubusercontent.com/thangbuilomo/audio-ielts/main/vault-9/reading/test-05/answer_key.json,https://raw.githubusercontent.com/thangbuilomo/audio-ielts/main/vault-9/reading/test-05/source_annotations.json,https://raw.githubusercontent.com/thangbuilomo/audio-ielts/main/vault-9/reading/test-05/explanations.json,answer key and annotations are available after submit; explanations are returned only for authenticated users
Vol9_Reading_Test_6,vol_09_t6_rd,vault-9,reading,Reading,6,40,https://raw.githubusercontent.com/thangbuilomo/audio-ielts/main/vault-9/reading/test-06/answer_key.json,https://raw.githubusercontent.com/thangbuilomo/audio-ielts/main/vault-9/reading/test-06/source_annotations.json,https://raw.githubusercontent.com/thangbuilomo/audio-ielts/main/vault-9/reading/test-06/explanations.json,answer key and annotations are available after submit; explanations are returned only for authenticated users
Vol9_Reading_Test_7,vol_09_t7_rd,vault-9,reading,Reading,7,40,https://raw.githubusercontent.com/thangbuilomo/audio-ielts/main/vault-9/reading/test-07/answer_key.json,https://raw.githubusercontent.com/thangbuilomo/audio-ielts/main/vault-9/reading/test-07/source_annotations.json,https://raw.githubusercontent.com/thangbuilomo/audio-ielts/main/vault-9/reading/test-07/explanations.json,answer key and annotations are available after submit; explanations are returned only for authenticated users
Vol9_Reading_Test_8,vol_09_t8_rd,vault-9,reading,Reading,8,40,https://raw.githubusercontent.com/thangbuilomo/audio-ielts/main/vault-9/reading/test-08/answer_key.json,https://raw.githubusercontent.com/thangbuilomo/audio-ielts/main/vault-9/reading/test-08/source_annotations.json,https://raw.githubusercontent.com/thangbuilomo/audio-ielts/main/vault-9/reading/test-08/explanations.json,answer key and annotations are available after submit; explanations are returned only for authenticated users
Vol9_Listening_Test_1,vol_09_t1_ls,vault-9,listening,Listening,1,40,https://raw.githubusercontent.com/thangbuilomo/audio-ielts/main/vault-9/listening/test-01/answer_key.json,https://raw.githubusercontent.com/thangbuilomo/audio-ielts/main/vault-9/listening/test-01/source_annotations.json,https://raw.githubusercontent.com/thangbuilomo/audio-ielts/main/vault-9/listening/test-01/explanations.json,answer key and annotations are available after submit; explanations are returned only for authenticated users
Vol9_Listening_Test_2,vol_09_t2_ls,vault-9,listening,Listening,2,40,https://raw.githubusercontent.com/thangbuilomo/audio-ielts/main/vault-9/listening/test-02/answer_key.json,https://raw.githubusercontent.com/thangbuilomo/audio-ielts/main/vault-9/listening/test-02/source_annotations.json,https://raw.githubusercontent.com/thangbuilomo/audio-ielts/main/vault-9/listening/test-02/explanations.json,answer key and annotations are available after submit; explanations are returned only for authenticated users
Vol9_Listening_Test_3,vol_09_t3_ls,vault-9,listening,Listening,3,40,https://raw.githubusercontent.com/thangbuilomo/audio-ielts/main/vault-9/listening/test-03/answer_key.json,https://raw.githubusercontent.com/thangbuilomo/audio-ielts/main/vault-9/listening/test-03/source_annotations.json,https://raw.githubusercontent.com/thangbuilomo/audio-ielts/main/vault-9/listening/test-03/explanations.json,answer key and annotations are available after submit; explanations are returned only for authenticated users
Vol9_Listening_Test_4,vol_09_t4_ls,vault-9,listening,Listening,4,40,https://raw.githubusercontent.com/thangbuilomo/audio-ielts/main/vault-9/listening/test-04/answer_key.json,https://raw.githubusercontent.com/thangbuilomo/audio-ielts/main/vault-9/listening/test-04/source_annotations.json,https://raw.githubusercontent.com/thangbuilomo/audio-ielts/main/vault-9/listening/test-04/explanations.json,answer key and annotations are available after submit; explanations are returned only for authenticated users
Vol9_Listening_Test_5,vol_09_t5_ls,vault-9,listening,Listening,5,40,https://raw.githubusercontent.com/thangbuilomo/audio-ielts/main/vault-9/listening/test-05/answer_key.json,https://raw.githubusercontent.com/thangbuilomo/audio-ielts/main/vault-9/listening/test-05/source_annotations.json,https://raw.githubusercontent.com/thangbuilomo/audio-ielts/main/vault-9/listening/test-05/explanations.json,answer key and annotations are available after submit; explanations are returned only for authenticated users
Vol9_Listening_Test_6,vol_09_t6_ls,vault-9,listening,Listening,6,40,https://raw.githubusercontent.com/thangbuilomo/audio-ielts/main/vault-9/listening/test-06/answer_key.json,https://raw.githubusercontent.com/thangbuilomo/audio-ielts/main/vault-9/listening/test-06/source_annotations.json,https://raw.githubusercontent.com/thangbuilomo/audio-ielts/main/vault-9/listening/test-06/explanations.json,answer key and annotations are available after submit; explanations are returned only for authenticated users
Vol9_Listening_Test_7,vol_09_t7_ls,vault-9,listening,Listening,7,40,https://raw.githubusercontent.com/thangbuilomo/audio-ielts/main/vault-9/listening/test-07/answer_key.json,https://raw.githubusercontent.com/thangbuilomo/audio-ielts/main/vault-9/listening/test-07/source_annotations.json,https://raw.githubusercontent.com/thangbuilomo/audio-ielts/main/vault-9/listening/test-07/explanations.json,answer key and annotations are available after submit; explanations are returned only for authenticated users
Vol9_Listening_Test_8,vol_09_t8_ls,vault-9,listening,Listening,8,40,https://raw.githubusercontent.com/thangbuilomo/audio-ielts/main/vault-9/listening/test-08/answer_key.json,https://raw.githubusercontent.com/thangbuilomo/audio-ielts/main/vault-9/listening/test-08/source_annotations.json,https://raw.githubusercontent.com/thangbuilomo/audio-ielts/main/vault-9/listening/test-08/explanations.json,answer key and annotations are available after submit; explanations are returned only for authenticated users
